Workbook
Name amostra_T2: Resumo!$B$10
Name amostra_T3: Resumo!$B$11
Name amostra_T4: Resumo!$B$12
Name copa_ok: Resumo!$B$22
Name fps_config: Resumo!$B$7
Name limitacao: Resumo!$B$23
Name meta_enc: Resumo!$B$13
Name meta_enc30: Resumo!$B$6
Name meta_enc60: Resumo!$B$5
Name meta_nota: Resumo!$B$8
Name meta_ping: Resumo!$B$4
Name meta_quedas: Resumo!$B$9

Sheet Leia-me
A1: PoC Sofá Virtual (Parsec) — resultados
A2: Planilha de coleta da Fase 1 (SCRUM-48). Protocolo: docs/poc-parsec.md · checklist: docs/poc-parsec-checklist.md
A4: Como preencher
A5: 1. Sessoes: uma linha por sessão, com as condições fixas do §5 do protocolo. O ID (S01, S02…) é usado na aba Partidas.
A6: 2. Partidas: uma linha por partida. Cenário T5 = partida em que houve queda provocada (fica fora das medianas de T2–T4).
A7: 3. Notas: nota geral (1–5) de cada participante ao fim da sessão.
A8: 4. Resumo: não precisa editar, exceto as metas e as duas perguntas finais (células amarelas).
A10: Cores
A11: Amarelo = preencher · Cinza = fórmula (não editar) · Linha em itálico com 'EXEMPLO' = formato esperado, ignorada nos cálculos.
A13: Anonimização (os resultados vão para o git)
A14: Use só apelidos J1…J8 (anfitrião = ANF) e o estado/região de cada um. Nada de nome, cidade ou provedor.
A15: A tabela apelido → nome fica só com o anfitrião, fora do repositório.
... A20: • Metas e amostras vêm do §5/§6 de docs/poc-parsec.md (revisão de 2026-10-15) e ficam editáveis na aba Resumo.

Sheet Resumo
A1: Resumo e critérios de aprovação (§6 de docs/poc-parsec.md)
A3: Metas (editáveis)
A4: Ping máximo (mediana, ms) | B4: 60
A5: Encode máximo a 60 FPS (ms) | B5: 15
A6: Encode máximo a 30 FPS (ms) | B6: 32
A7: FPS configurado no Parsec | B7: 60
A8: Nota mínima de controle (mediana) | B8: 4
A9: Quedas máximas por sessão | B9: 1
A10: Amostra mínima T2 (partidas válidas) | B10: 3
A11: Amostra mínima T3 (partidas válidas) | B11: 6
A12: Partidas da Copa completa (T4) | B12: 7 | C12: Ajustar ao formato da Copa usada no T4 (8 times em mata-mata = 7 partidas).
A13: Meta de encode efetiva (ms) | B13: =IF(fps_config>=60,meta_enc60,meta_enc30) -> 15
A15: Por cenário (só partidas válidas: anfitrião não jogou)
A16: Cenário | B16: Partidas válidas | C16: Amostra mínima | D16: Amostra atingida? | E16: Mediana ping (ms) | F16: Portão ping | G16: Mediana encode (ms) | H16: Portão encode | I16: Mediana nota controle | J16: Portão nota | K16: Maior nº de quedas numa sessão | L16: Portão quedas | M16: Mediana decode (ms) | N16: Mediana troca (s)
A17: T2 | B17: =COUNTIFS(Partidas!$B$3:$B$202,A17,Partidas!$T$3:$T$202,"SIM") -> 0 | C17: =amostra_T2 -> 3 | D17: =IF(B17>=C17,"SIM","NÃO") -> NÃO | E17: {=IFERROR(MEDIAN(IF((Partidas!$B$3:$B$202=$A17)*(Partidas!$T$3:$T$202="SIM")*(Partidas!$G$3:$H$202<>""),Partidas!$G$3:$H$202)),"—")} -> — | F17: =IF(OR(D17<>"SIM",E17="—"),"—",IF(E17<=meta_ping,"OK","FALHA")) -> — | G17: {=IFERROR(MEDIAN(IF((Partidas!$B$3:$B$202=$A17)*(Partidas!$T$3:$T$202="SIM")*(Partidas!$I$3:$I$202<>""),Partidas!$I$3:$I$202)),"—")} -> — | H17: =IF(OR(D17<>"SIM",G17="—"),"—",IF(G17<=meta_enc,"OK","FALHA")) -> — | I17: {=IFERROR(MEDIAN(IF((Partidas!$B$3:$B$202=$A17)*(Partidas!$T$3:$T$202="SIM")*(Partidas!$R$3:$S$202<>""),Partidas!$R$3:$S$202)),"—")} -> — | J17: =IF(OR(D17<>"SIM",I17="—"),"—",IF(I17>=meta_nota,"OK","FALHA")) -> — | K17: {=IF(COUNTIF(Sessoes!$D$3:$D$52,A17)=0,"—",MAX(IF(Sessoes!$D$3:$D$52=A17,Sessoes!$O$3:$O$52)))} -> — | L17: =IF(OR(D17<>"SIM",K17="—"),"—",IF(K17<=meta_quedas,"OK","FALHA")) -> — | M17: {=IFERROR(MEDIAN(IF((Partidas!$B$3:$B$202=$A17)*(Partidas!$T$3:$T$202="SIM")*(Partidas!$J$3:$K$202<>""),Partidas!$J$3:$K$202)),"—")} -> — | N17: {=IFERROR(MEDIAN(IF((Partidas!$B$3:$B$202=$A17)*(Partidas!$T$3:$T$202="SIM")*(Partidas!$P$3:$P$202<>""),Partidas!$P$3:$P$202)),"—")} -> —
A18: T3 | B18: =COUNTIFS(Partidas!$B$3:$B$202,A18,Partidas!$T$3:$T$202,"SIM") -> 0 | C18: =amostra_T3 -> 6 | D18: =IF(B18>=C18,"SIM","NÃO") -> NÃO | E18: {=IFERROR(MEDIAN(IF((Partidas!$B$3:$B$202=$A18)*(Partidas!$T$3:$T$202="SIM")*(Partidas!$G$3:$H$202<>""),Partidas!$G$3:$H$202)),"—")} -> — | F18: =IF(OR(D18<>"SIM",E18="—"),"—",IF(E18<=meta_ping,"OK","FALHA")) -> — | G18: {=IFERROR(MEDIAN(IF((Partidas!$B$3:$B$202=$A18)*(Partidas!$T$3:$T$202="SIM")*(Partidas!$I$3:$I$202<>""),Partidas!$I$3:$I$202)),"—")} -> — | H18: =IF(OR(D18<>"SIM",G18="—"),"—",IF(G18<=meta_enc,"OK","FALHA")) -> — | I18: {=IFERROR(MEDIAN(IF((Partidas!$B$3:$B$202=$A18)*(Partidas!$T$3:$T$202="SIM")*(Partidas!$R$3:$S$202<>""),Partidas!$R$3:$S$202)),"—")} -> — | J18: =IF(OR(D18<>"SIM",I18="—"),"—",IF(I18>=meta_nota,"OK","FALHA")) -> — | K18: {=IF(COUNTIF(Sessoes!$D$3:$D$52,A18)=0,"—",MAX(IF(Sessoes!$D$3:$D$52=A18,Sessoes!$O$3:$O$52)))} -> — | L18: =IF(OR(D18<>"SIM",K18="—"),"—",IF(K18<=meta_quedas,"OK","FALHA")) -> — | M18: {=IFERROR(MEDIAN(IF((Partidas!$B$3:$B$202=$A18)*(Partidas!$T$3:$T$202="SIM")*(Partidas!$J$3:$K$202<>""),Partidas!$J$3:$K$202)),"—")} -> — | N18: {=IFERROR(MEDIAN(IF((Partidas!$B$3:$B$202=$A18)*(Partidas!$T$3:$T$202="SIM")*(Partidas!$P$3:$P$202<>""),Partidas!$P$3:$P$202)),"—")} -> —
A19: T4 | B19: =COUNTIFS(Partidas!$B$3:$B$202,A19,Partidas!$T$3:$T$202,"SIM") -> 0 | C19: =amostra_T4 -> 7 | D19: =IF(B19>=C19,"SIM","NÃO") -> NÃO | E19: {=IFERROR(MEDIAN(IF((Partidas!$B$3:$B$202=$A19)*(Partidas!$T$3:$T$202="SIM")*(Partidas!$G$3:$H$202<>""),Partidas!$G$3:$H$202)),"—")} -> — | F19: =IF(OR(D19<>"SIM",E19="—"),"—",IF(E19<=meta_ping,"OK","FALHA")) -> — | G19: {=IFERROR(MEDIAN(IF((Partidas!$B$3:$B$202=$A19)*(Partidas!$T$3:$T$202="SIM")*(Partidas!$I$3:$I$202<>""),Partidas!$I$3:$I$202)),"—")} -> — | H19: =IF(OR(D19<>"SIM",G19="—"),"—",IF(G19<=meta_enc,"OK","FALHA")) -> — | I19: {=IFERROR(MEDIAN(IF((Partidas!$B$3:$B$202=$A19)*(Partidas!$T$3:$T$202="SIM")*(Partidas!$R$3:$S$202<>""),Partidas!$R$3:$S$202)),"—")} -> — | J19: =IF(OR(D19<>"SIM",I19="—"),"—",IF(I19>=meta_nota,"OK","FALHA")) -> — | K19: {=IF(COUNTIF(Sessoes!$D$3:$D$52,A19)=0,"—",MAX(IF(Sessoes!$D$3:$D$52=A19,Sessoes!$O$3:$O$52)))} -> — | L19: =IF(OR(D19<>"SIM",K19="—"),"—",IF(K19<=meta_quedas,"OK","FALHA")) -> — | M19: {=IFERROR(MEDIAN(IF((Partidas!$B$3:$B$202=$A19)*(Partidas!$T$3:$T$202="SIM")*(Partidas!$J$3:$K$202<>""),Partidas!$J$3:$K$202)),"—")} -> — | N19: {=IFERROR(MEDIAN(IF((Partidas!$B$3:$B$202=$A19)*(Partidas!$T$3:$T$202="SIM")*(Partidas!$P$3:$P$202<>""),Partidas!$P$3:$P$202)),"—")} -> —
A21: Perguntas finais (preencher ao fim do T4)
A22: T4 terminou com campeão definido, sem perder o progresso da Copa? (S/N)
A23: Alguma limitação do Parsec ou do jogo impediu a Copa com 8 humanos? (S/N)
A25: Nota geral da experiência (mediana) | B25: =IFERROR(MEDIAN(Notas!$C$3:$C$202),"—") -> —
A27: RESULTADO DA FASE 1 | B27: =IF(OR(COUNTIF(F17:F19,"—")+COUNTIF(H17:H19,"—")+COUNTIF(J17:J19,"—")+COUNTIF(L17:L19,"—")>0,copa_ok="",limitacao=""),"INCOMPLETO",IF(AND(COUNTIF(F17:L19,"FALHA")=0,copa_ok="S",limitacao="N"),"APROVADA","REPROVADA (ver ADR-003)")) -> INCOMPLETO
A28: Reprovação parcial vira ajuste do plano no ADR-003 (§6 do protocolo).

Sheet Sessoes
A1: ID da sessão | B1: Data | C1: Horário de início | D1: Cenário | E1: Versão do Parsec | F1: Resolução | G1: FPS do Parsec | H1: Bitrate (Mbps) | I1: Codec | J1: Tempo de jogo (min) | K1: Dificuldade | L1: Upload medido (Mbps) | M1: Versão da DLL de mods (T4) | N1: Participantes e região (ex.: J1 SP; J2 RJ) | O1: Quedas não provocadas | P1: Observações
A2: EXEMPLO | B2: 2026-11-05 | C2: 20:00 | D2: T2 | E2: 150-9x | F2: 1920x1080 | G2: 60 | H2: 20 | I2: H.265 | J2: 10 | K2: Profissional | L2: 300 | M2: — | N2: ANF SP; J1 RJ | O2: =IF(A2="","",SUMIFS(Partidas!$Q$3:$Q$202,Partidas!$A$3:$A$202,A2,Partidas!$B$3:$B$202,"<>T5")) -> 0 | P2: Linha de exemplo — formato esperado
O3: =IF(A3="","",SUMIFS(Partidas!$Q$3:$Q$202,Partidas!$A$3:$A$202,A3,Partidas!$B$3:$B$202,"<>T5"))
O4: =IF(A4="","",SUMIFS(Partidas!$Q$3:$Q$202,Partidas!$A$3:$A$202,A4,Partidas!$B$3:$B$202,"<>T5"))
O5: =IF(A5="","",SUMIFS(Partidas!$Q$3:$Q$202,Partidas!$A$3:$A$202,A5,Partidas!$B$3:$B$202,"<>T5"))
O6: =IF(A6="","",SUMIFS(Partidas!$Q$3:$Q$202,Partidas!$A$3:$A$202,A6,Partidas!$B$3:$B$202,"<>T5"))
O7: =IF(A7="","",SUMIFS(Partidas!$Q$3:$Q$202,Partidas!$A$3:$A$202,A7,Partidas!$B$3:$B$202,"<>T5"))
O8: =IF(A8="","",SUMIFS(Partidas!$Q$3:$Q$202,Partidas!$A$3:$A$202,A8,Partidas!$B$3:$B$202,"<>T5"))
O9: =IF(A9="","",SUMIFS(Partidas!$Q$3:$Q$202,Partidas!$A$3:$A$202,A9,Partidas!$B$3:$B$202,"<>T5"))
O10: =IF(A10="","",SUMIFS(Partidas!$Q$3:$Q$202,Partidas!$A$3:$A$202,A10,Partidas!$B$3:$B$202,"<>T5"))
O11: =IF(A11="","",SUMIFS(Partidas!$Q$3:$Q$202,Partidas!$A$3:$A$202,A11,Partidas!$B$3:$B$202,"<>T5"))
O12: =IF(A12="","",SUMIFS(Partidas!$Q$3:$Q$202,Partidas!$A$3:$A$202,A12,Partidas!$B$3:$B$202,"<>T5"))
O13: =IF(A13="","",SUMIFS(Partidas!$Q$3:$Q$202,Partidas!$A$3:$A$202,A13,Partidas!$B$3:$B$202,"<>T5"))
O14: =IF(A14="","",SUMIFS(Partidas!$Q$3:$Q$202,Partidas!$A$3:$A$202,A14,Partidas!$B$3:$B$202,"<>T5"))
... O52: =IF(A52="","",SUMIFS(Partidas!$Q$3:$Q$202,Partidas!$A$3:$A$202,A52,Partidas!$B$3:$B$202,"<>T5"))

Sheet Partidas
A1: Sessão | B1: Cenário | C1: Partida nº | D1: Jogador A | E1: Jogador B | F1: Anfitrião jogou? (S/N) | G1: Ping A (ms) | H1: Ping B (ms) | I1: Encode (ms) | J1: Decode A (ms) | K1: Decode B (ms) | L1: Perda de pacotes | M1: FPS do stream | N1: FPS do jogo | O1: Upload usado (Mbps) | P1: Troca de controle (s) | Q1: Quedas | R1: Nota controle A (1–5) | S1: Nota controle B (1–5) | T1: Válida p/ mediana | U1: Upload % do medido | V1: Notas
A2: EXEMPLO | B2: T2 | C2: 1 | D2: ANF | E2: J1 | F2: S | H2: 38 | I2: 6.5 | K2: 4.2 | L2: 0/0/0 | M2: 60 | N2: 60 | O2: 9.8 | P2: 45 | Q2: 0 | S2: 4 | T2: =IF(OR(A2="",A2="EXEMPLO"),"",IF(F2="N","SIM","NÃO")) | U2: =IFERROR(O2/INDEX(Sessoes!$L$3:$L$52,MATCH(A2,Sessoes!$A$3:$A$52,0)),"") | V2: Linha de exemplo — anfitrião jogou, então não entra nas medianas
T3: =IF(OR(A3="",A3="EXEMPLO"),"",IF(F3="N","SIM","NÃO")) | U3: =IFERROR(O3/INDEX(Sessoes!$L$3:$L$52,MATCH(A3,Sessoes!$A$3:$A$52,0)),"")
T4: =IF(OR(A4="",A4="EXEMPLO"),"",IF(F4="N","SIM","NÃO")) | U4: =IFERROR(O4/INDEX(Sessoes!$L$3:$L$52,MATCH(A4,Sessoes!$A$3:$A$52,0)),"")
T5: =IF(OR(A5="",A5="EXEMPLO"),"",IF(F5="N","SIM","NÃO")) | U5: =IFERROR(O5/INDEX(Sessoes!$L$3:$L$52,MATCH(A5,Sessoes!$A$3:$A$52,0)),"")
T6: =IF(OR(A6="",A6="EXEMPLO"),"",IF(F6="N","SIM","NÃO")) | U6: =IFERROR(O6/INDEX(Sessoes!$L$3:$L$52,MATCH(A6,Sessoes!$A$3:$A$52,0)),"")
T7: =IF(OR(A7="",A7="EXEMPLO"),"",IF(F7="N","SIM","NÃO")) | U7: =IFERROR(O7/INDEX(Sessoes!$L$3:$L$52,MATCH(A7,Sessoes!$A$3:$A$52,0)),"")
T8: =IF(OR(A8="",A8="EXEMPLO"),"",IF(F8="N","SIM","NÃO")) | U8: =IFERROR(O8/INDEX(Sessoes!$L$3:$L$52,MATCH(A8,Sessoes!$A$3:$A$52,0)),"")
T9: =IF(OR(A9="",A9="EXEMPLO"),"",IF(F9="N","SIM","NÃO")) | U9: =IFERROR(O9/INDEX(Sessoes!$L$3:$L$52,MATCH(A9,Sessoes!$A$3:$A$52,0)),"")
T10: =IF(OR(A10="",A10="EXEMPLO"),"",IF(F10="N","SIM","NÃO")) | U10: =IFERROR(O10/INDEX(Sessoes!$L$3:$L$52,MATCH(A10,Sessoes!$A$3:$A$52,0)),"")
T11: =IF(OR(A11="",A11="EXEMPLO"),"",IF(F11="N","SIM","NÃO")) | U11: =IFERROR(O11/INDEX(Sessoes!$L$3:$L$52,MATCH(A11,Sessoes!$A$3:$A$52,0)),"")
T12: =IF(OR(A12="",A12="EXEMPLO"),"",IF(F12="N","SIM","NÃO")) | U12: =IFERROR(O12/INDEX(Sessoes!$L$3:$L$52,MATCH(A12,Sessoes!$A$3:$A$52,0)),"")
T13: =IF(OR(A13="",A13="EXEMPLO"),"",IF(F13="N","SIM","NÃO")) | U13: =IFERROR(O13/INDEX(Sessoes!$L$3:$L$52,MATCH(A13,Sessoes!$A$3:$A$52,0)),"")
T14: =IF(OR(A14="",A14="EXEMPLO"),"",IF(F14="N","SIM","NÃO")) | U14: =IFERROR(O14/INDEX(Sessoes!$L$3:$L$52,MATCH(A14,Sessoes!$A$3:$A$52,0)),"")
... T202: =IF(OR(A202="",A202="EXEMPLO"),"",IF(F202="N","SIM","NÃO")) | U202: =IFERROR(O202/INDEX(Sessoes!$L$3:$L$52,MATCH(A202,Sessoes!$A$3:$A$52,0)),"")

Sheet Notas
A1: Sessão | B1: Apelido | C1: Nota geral (1–5) | D1: Comentário
A2: EXEMPLO | B2: J1 | C2: 4 | D2: Linha de exemplo
